No,用語名,読み方,一言説明,詳細解説,対策
1,SQLインジェクション,えすきゅーえるいんじぇくしょん,SQL文を改変し、不正にデータベースを操作する攻撃。,Webアプリがユーザー入力をそのままSQL文へ埋め込むと、攻撃者は特殊な文字列を入力してSQLの意味を変えられます。認証回避や情報漏えい、データ改ざんにつながる代表的な脆弱性です。,"- プリペアドステートメントを利用
- 入力値検証
- DB権限の最小化"
2,クロスサイトスクリプティング,XSS）（くろすさいとすくりぷてぃんぐ,悪意あるJavaScriptを実行させる攻撃。,ユーザー入力を適切に処理せず画面へ表示すると、攻撃者が埋め込んだスクリプトが他ユーザーのブラウザで実行されます。Cookie窃取や偽画面表示などに悪用されます。,"- HTMLエスケープ
- CSP導入
- 入力値検証"
3,クロスサイトリクエストフォージェリ,CSRF）（くろすさいとりくえすとふぉーじぇり,利用者になりすまして操作を実行させる攻撃。,ログイン済みユーザーを攻撃者サイトへ誘導し、本人の意思とは関係なく送金や設定変更などのリクエストを実行させます。,"- CSRFトークン
- SameSite Cookie
- 再認証"
4,OSコマンドインジェクション,おーえすこまんどいんじぇくしょん,サーバ上で任意のコマンドを実行させる攻撃。,ユーザー入力をOSコマンドに組み込む処理があると、攻撃者が追加コマンドを注入してサーバを操作できます。,"- シェル実行を避ける
- パラメータ固定化
- 入力値制限"
5,LDAPインジェクション,えるだっぷいんじぇくしょん,LDAP検索条件を改ざんする攻撃。,LDAP認証や検索でユーザー入力をそのまま利用すると、検索条件を書き換えて認証回避や情報取得が可能になります。,"- 特殊文字のエスケープ
- パラメータ化"
6,XML External Entity,XXE）（えっくすえっくすいー,XML機能を悪用して内部情報を取得する攻撃。,XMLパーサの外部エンティティ機能を利用し、サーバ内部ファイルや内部ネットワーク情報を取得します。,"- 外部エンティティ無効化
- XML利用の見直し"
7,Server Side Request Forgery,SSRF）（さーばさいどりくえすとふぉーじぇり,サーバに不正な通信を行わせる攻撃。,URL入力機能などを悪用し、サーバ自身から内部システムへアクセスさせます。,"- 接続先制限
- IPフィルタリング
- URL検証"
8,ディレクトリトラバーサル,でぃれくとりとらばーさる,本来閲覧できないファイルへアクセスする攻撃。,「../」などを利用してディレクトリを遡り、機密ファイルを取得します。,"- パス固定化
- 入力検証"
9,ファイルインクルージョン,ふぁいるいんくるーじょん,任意のファイルを読み込ませる攻撃。,PHPなどで外部ファイルを読み込む機能を悪用し、不正なコードを実行させます。,"- ファイル名固定
- 外部URL読込禁止"
10,オープンリダイレクト,おーぷんりだいれくと,悪意あるサイトへ誘導する脆弱性。,リダイレクト先URLを自由に指定できる場合、利用者を偽サイトへ誘導できます。,"- 許可リスト方式
- URL検証"
11,クリックジャッキング,くりっくじゃっきんぐ,見えない画面をクリックさせる攻撃。,透明なiframeを重ね、本来意図しないボタンを押させます。,"- X-Frame-Options
- CSP frame-ancestors"
12,HTTPレスポンス分割,えいちてぃーてぃーぴーれすぽんすすぷりっと,HTTPレスポンスを改ざんする攻撃。,改行コードを注入し、サーバの応答内容を操作します。,"- 改行文字除去
- フレームワーク利用"
13,セッションフィクセーション,せっしょんふぃくせーしょん,攻撃者が指定したセッションIDを使わせる攻撃。,被害者に既知のセッションIDを利用させ、ログイン後にそのセッションを乗っ取ります。,- ログイン時にセッション再発行
14,Broken Access Control,ぶろーくんあくせすこんとろーる,アクセス制御不備による情報漏えい。,権限確認が不足しているため、一般ユーザーが管理者機能へアクセスできる状態です。,- サーバ側権限チェック
15,IDOR,あいどあ,他人のデータへ不正アクセスできる脆弱性。,"URLのIDを書き換えるだけで他人の情報を閲覧できる状態です。

例：
```
/profile?id=100
↓
/profile?id=101
```","- 所有者確認
- 認可チェック"
16,Insecure Deserialization,いんせきゅあでしりありぜーしょん,不正なデータ復元による攻撃。,シリアライズデータを改ざんし、任意コード実行などを狙います。,"- 信頼できるデータのみ処理
- 電子署名利用"
17,SSTI,さーばさいどてんぷれーといんじぇくしょん,テンプレートエンジンを悪用する攻撃。,テンプレート構文を注入し、サーバ側でコード実行を狙います。,- 入力値の直接埋込禁止
18,パラメータポリューション,ぱらめーたぽりゅーしょん,同名パラメータを悪用する攻撃。,複数の同名パラメータを送信し、アプリの想定外動作を引き起こします。,- パラメータ重複禁止
19,プロトタイプポリューション,ぷろとたいぷぽりゅーしょん,JavaScriptのプロトタイプを汚染する攻撃。,オブジェクトの継承元を書き換え、アプリ全体の動作を改変します。,"- ライブラリ更新
- 危険キー拒否"
20,ゼロデイ攻撃,ぜろでいこうげき,修正前の脆弱性を狙う攻撃。,開発者が脆弱性を認識してから修正するまでの期間を狙って攻撃します。防御が非常に難しく、被害が大きくなりやすい特徴があります。,"- 多層防御
- EDR導入
- 迅速なパッチ適用"
21,ブルートフォース攻撃,ぶるーとふぉーすこうげき,パスワードを総当たりで試す攻撃。,攻撃者が可能なパスワードを片っ端から試してログインを狙う手法です。単純なパスワードほど突破されやすくなります。,"- アカウントロック
- MFA導入
- 強力なパスワードポリシー"
22,パスワードスプレー攻撃,ぱすわーどすぷれーこうげき,少数の有名パスワードを大量のアカウントへ試す攻撃。,「Password123」などよく使われるパスワードを多数のユーザーに対して試します。,"- MFA導入
- 弱いパスワード禁止
- ログ監視"
23,クレデンシャルスタッフィング,くれでんしゃるすたっふぃんぐ,流出したID・パスワードを使い回す攻撃。,他サービスから流出した認証情報を利用し、別サービスへのログインを試みます。,"- MFA
- パスワード使い回し防止
- 漏えい監視"
24,多要素認証,MFA）（たようそにんしょう,複数の認証要素を組み合わせる仕組み。,パスワードに加え、スマホアプリや生体認証を利用して本人確認を強化します。,"- 全ユーザーへ適用
- SMS以外の認証方式推奨"
25,ワンタイムパスワード,OTP）（わんたいむぱすわーど,一度だけ利用できるパスワード。,短時間で失効するため、パスワード漏えい時のリスクを軽減できます。,"- 認証アプリ利用
- 利用期限設定"
26,シングルサインオン,SSO）（しんぐるさいんおん,一度の認証で複数サービスを利用する仕組み。,利用者は複数のID・パスワードを管理する必要がなくなります。,"- IdPの厳重管理
- MFA併用"
27,OAuth,おーおーす,第三者サービスへ権限委譲する仕組み。,Googleログインなどで利用されます。パスワードを渡さず認可だけを行います。,"- Redirect URI検証
- トークン管理"
28,OpenID Connect,おーぷんあいでぃーこねくと,OAuthに認証機能を追加した仕組み。,ユーザー本人の確認を行うため、現代のSSOで広く利用されています。,"- IDトークン検証
- HTTPS利用"
29,セッションハイジャック,せっしょんはいじゃっく,セッションを盗んでなりすます攻撃。,CookieやセッションIDを取得し、正規ユーザーとして操作を行います。,"- HTTPS
- HttpOnly Cookie
- Secure属性"
30,セッション管理不備,せっしょんかんりふび,セッション運用の問題による脆弱性。,推測可能なIDや失効処理不足によって乗っ取りリスクが高まります。,"- 強力な乱数利用
- 適切なタイムアウト"
31,権限昇格,けんげんしょうかく,本来持たない権限を取得する攻撃。,一般ユーザーが管理者権限を獲得するなど、システムの制御を奪う攻撃です。,"- 権限分離
- 最小権限原則"
32,ゼロトラスト,ぜろとらすと,何も信用しない前提のセキュリティモデル。,社内外を問わずすべてのアクセスを検証します。,"- 継続的認証
- デバイス管理"
33,認可不備,にんかふび,権限チェック不足による脆弱性。,ログインしていてもアクセス権がない機能を利用できてしまう状態です。,- サーバ側認可チェック
34,なりすまし,なりすまし,他人の身元を偽る攻撃。,盗まれた認証情報などを利用して正規ユーザーとして振る舞います。,"- MFA
- ログ監視"
35,リプレイ攻撃,りぷれいこうげき,通信内容を再送して悪用する攻撃。,正規の認証通信を盗聴し、そのまま再送することで認証突破を狙います。,"- ノンス利用
- タイムスタンプ検証"
36,フィッシング,ふぃっしんぐ,偽サイトで情報を盗む攻撃。,銀行や有名サービスを装い、認証情報を入力させます。,"- URL確認
- MFA導入
- セキュリティ教育"
37,スピアフィッシング,すぴあふぃっしんぐ,特定個人を狙うフィッシング。,SNSや企業情報を調査し、信頼性の高い偽メールを送信します。,"- メール訓練
- 不審メール報告体制"
38,ビジネスメール詐欺,BEC）（びじねすめーるさぎ,経営者などを装って送金させる詐欺。,社長や取引先を偽装し、従業員へ不正送金を指示します。,"- 多段階承認
- 電話確認"
39,アカウントテイクオーバー,ATO）（あかうんとていくおーばー,アカウントを乗っ取る攻撃。,流出認証情報やフィッシングによってアカウントを支配します。,"- MFA
- 異常検知
- パスワード変更通知"
40,特権アクセス管理,PAM）（とっけんあくせすかんり,管理者権限を安全に管理する仕組み。,高権限アカウントを厳格に管理し、不正利用や内部不正を防止します。,"- 特権ID分離
- 操作ログ取得
- 承認フロー導入"
41,ウイルス,ういるす,他のファイルに感染して増殖するマルウェア。,生物のウイルスのように他のプログラムへ寄生し、実行されることで感染を広げます。ファイル破壊や情報漏えいを引き起こします。,"- ウイルス対策ソフト
- OS更新
- 不審ファイルを開かない"
42,ワーム,わーむ,自力で感染を拡大するマルウェア。,ウイルスと異なり他のプログラムに寄生せず、ネットワークを通じて自動的に感染を広げます。,"- セキュリティパッチ適用
- ファイアウォール利用"
43,トロイの木馬,とろいのもくば,正常なソフトを装うマルウェア。,ゲームや便利ツールに見せかけて利用者に実行させ、裏で不正活動を行います。,"- 公式サイトからのみ入手
- 電子署名確認"
44,ランサムウェア,らんさむうぇあ,データを人質にして金銭を要求するマルウェア。,ファイルを暗号化し、「復号したければ身代金を払え」と要求します。,"- 定期バックアップ
- EDR導入
- メール添付注意"
45,スパイウェア,すぱいうぇあ,利用者を監視するマルウェア。,入力情報や閲覧履歴を収集し、攻撃者へ送信します。,"- セキュリティソフト
- 不審アプリ削除"
46,アドウェア,あどうぇあ,大量の広告を表示するソフト。,不要な広告を表示し、クリックを誘導して利益を得ます。,"- 不審ソフトを入れない
- ブラウザ管理"
47,キーロガー,きーろがー,キーボード入力を記録するマルウェア。,IDやパスワードを盗み取るためによく利用されます。,"- EDR導入
- MFA利用"
48,ボット,ぼっと,攻撃者の命令で動く感染端末。,感染した端末は遠隔操作され、攻撃に利用されます。,"- 感染端末の隔離
- EDR利用"
49,ボットネット,ぼっとねっと,大量のボットで構成されたネットワーク。,数万〜数百万台の感染端末を利用してDDoS攻撃などを行います。,"- 感染防止
- 通信監視"
50,Rootkit,るーときっと,自身の存在を隠すマルウェア。,OSの深い部分へ侵入し、検知されないように活動します。,"- OS再インストール
- Secure Boot利用"
51,Backdoor,ばっくどあ,秘密の侵入口を作るマルウェア。,攻撃者が後から自由に侵入できるようにします。,"- 不審通信監視
- 定期調査"
52,Fileless Malware,ふぁいるれすまるうぇあ,ファイルを残さず活動するマルウェア。,メモリ上で動作するため従来型アンチウイルスを回避しやすい特徴があります。,"- EDR導入
- PowerShell監視"
53,Cryptojacking,くりぷとじゃっきんぐ,勝手に暗号資産を採掘する攻撃。,PCやサーバのCPUを利用し、攻撃者の利益のためにマイニングを行います。,"- CPU異常監視
- ブラウザ制御"
54,Logic Bomb,ろじっくぼむ,特定条件で発動する悪意あるコード。,退職日や特定日時になるとデータ削除などを実行します。,"- ソースコードレビュー
- 権限管理"
55,Dropper,どろっぱー,他のマルウェアを運ぶためのプログラム。,自身は無害に見えますが、本体マルウェアをダウンロードして実行します。,"- 実行ファイル監視
- EDR利用"
56,Downloader,だうんろーだー,マルウェアを取得するためのプログラム。,感染後に攻撃サーバへ接続し、本命のマルウェアを取得します。,"- 通信監視
- URLフィルタリング"
57,RAT,らっと,遠隔操作型マルウェア。,Remote Access Trojanの略。攻撃者が被害端末を自由に操作できます。,"- EDR
- 通信ログ監視"
58,Banker,ばんかー,金融情報窃取を目的としたマルウェア。,ネットバンキングの認証情報や口座情報を盗みます。,"- MFA
- 金融サイト監視"
59,Scareware,すけあうぇあ,不安を煽って購入させる偽ソフト。,「ウイルスが見つかりました！」と表示し、有料ソフト購入を誘導します。,"- 公式ソフト利用
- 利用者教育"
60,Wormable Vulnerability,わーまぶるばるなびりてぃ,ワームによる自動感染が可能な脆弱性。,感染した端末が次々と他の端末へ攻撃を広げられる脆弱性です。WannaCryで悪用されたSMB脆弱性が有名です。,"- 迅速なパッチ適用
- ネットワーク分離"
61,DoS攻撃,どすこうげき,大量の負荷を与えてサービスを停止させる攻撃。,サーバへ大量の通信や処理要求を送り付け、正常利用者がアクセスできない状態にします。,"- レート制限
- WAF導入
- CDN利用"
62,DDoS攻撃,でぃーどすこうげき,多数の端末から同時に行うDoS攻撃。,ボットネットを利用して世界中の端末から攻撃を行うため、防御が困難です。,"- DDoS対策サービス
- CDN活用
- トラフィック分析"
63,SYN Flood,しんふらっど,TCP接続を悪用したDoS攻撃。,接続要求（SYN）だけを大量送信し、サーバの接続待ち領域を枯渇させます。,"- SYN Cookie
- 接続数制限"
64,Ping Flood,ぴんぐふらっど,大量のPingを送り付ける攻撃。,ICMPパケットを大量送信し、ネットワークやサーバへ負荷をかけます。,"- ICMP制限
- ファイアウォール設定"
65,ARP Spoofing,えーあーるぴーすぷーふぃんぐ,LAN内で通信を盗聴する攻撃。,ARPテーブルを書き換え、自身をルータだと偽装して通信を中継します。,"- 静的ARP
- スイッチ機能利用"
66,DNS Spoofing,でぃーえぬえすすぷーふぃんぐ,偽のIPアドレスへ誘導する攻撃。,DNS応答を改ざんし、本物のサイトへアクセスしたつもりの利用者を偽サイトへ誘導します。,"- DNSSEC
- HTTPS確認"
67,DNS Cache Poisoning,でぃーえぬえすきゃっしゅぽいずにんぐ,DNSキャッシュを汚染する攻撃。,DNSサーバに偽情報を保存させ、多数の利用者を偽サイトへ誘導します。,"- DNSSEC
- DNSサーバ更新"
68,Man in the Middle Attack,MITM）（まんいんざみどるあたっく,通信の途中に割り込む攻撃。,攻撃者が通信経路へ介入し、盗聴や改ざんを行います。,"- TLS利用
- 証明書検証"
69,Packet Sniffing,ぱけっとすにっふぃんぐ,通信内容を盗み見る行為。,ネットワーク上のパケットを収集して情報を取得します。,"- TLS利用
- VPN利用"
70,Evil Twin,いーびるついん,偽Wi-Fiアクセスポイントによる攻撃。,本物そっくりのSSIDを用意し、利用者を接続させて通信を盗みます。,"- VPN利用
- 正しいSSID確認"
71,Rogue AP,ろーぐえーぴー,不正なアクセスポイント。,攻撃者や内部関係者が勝手に設置した無線LAN機器です。,"- 無線LAN監視
- NAC導入"
72,DHCP Spoofing,でぃーえいちしーぴーすぷーふぃんぐ,偽DHCPサーバを利用する攻撃。,攻撃者がネットワーク設定を配布し、通信を乗っ取ります。,"- DHCP Snooping
- ネットワーク監視"
73,BGP Hijacking,びーじーぴーはいじゃっく,インターネット経路を乗っ取る攻撃。,BGP経路情報を偽装し、本来とは異なる経路へ通信を誘導します。,"- RPKI導入
- 経路監視"
74,VPN,ぶいぴーえぬ,安全な仮想専用通信網。,インターネット上に暗号化されたトンネルを作り、安全な通信を実現します。,"- 強力な暗号方式利用
- MFA導入"
75,TLS,てぃーえるえす,通信を暗号化する仕組み。,WebサイトのHTTPSで利用され、盗聴や改ざんを防止します。,"- TLS1.2以上利用
- 証明書管理"
76,SSL,えすえすえる,TLSの前身となる暗号通信技術。,現在は脆弱性が多く、TLSへの移行が推奨されています。,"- SSL無効化
- TLS利用"
77,ハッシュ関数,はっしゅかんすう,データを固定長の値へ変換する関数。,元のデータへ戻すことが極めて困難なため、パスワード管理などで利用されます。,"- SHA-256以上利用
- ソルト追加"
78,デジタル署名,でじたるしょめい,電子的な本人確認と改ざん検知。,公開鍵暗号を利用してデータの作成者と完全性を証明します。,- 秘密鍵の厳重管理
79,公開鍵暗号,こうかいかぎあんごう,公開鍵と秘密鍵を利用する暗号方式。,公開鍵で暗号化し、秘密鍵で復号します。,"- 鍵長の確保
- 鍵管理"
80,共通鍵暗号,きょうつうかぎあんごう,同じ鍵で暗号化と復号を行う方式。,高速なため、大量データの暗号化に利用されます。AESが代表例です。,"- 鍵配送の保護
- 定期的な鍵更新"
81,WAF,わふ,Webアプリを攻撃から守る防御装置。,Web Application Firewallの略。HTTP通信を監視し、SQLインジェクションやXSSなどの攻撃パターンを検知・遮断します。,"- シグネチャ更新
- 誤検知チューニング"
82,IDS,あいでぃーえす,不正アクセスを検知するシステム。,Intrusion Detection Systemの略。ネットワークや端末を監視し、攻撃の兆候を発見します。,"- ログ分析
- ルール更新"
83,IPS,あいぴーえす,攻撃を検知して自動的に遮断するシステム。,Intrusion Prevention Systemの略。IDSに加えて攻撃通信をブロックする機能を持ちます。,"- 適切なルール設定
- 定期的な監視"
84,EDR,いーでぃーあーる,端末の異常を検知・対応する仕組み。,Endpoint Detection and Responseの略。PCやサーバ上の不審な挙動を監視し、感染端末の隔離などを行います。,"- 全端末への導入
- アラート分析"
85,XDR,えっくすでぃーあーる,複数のセキュリティ情報を統合して分析する仕組み。,EDRだけでなく、メールやネットワーク、クラウドなどの情報を統合して脅威を検知します。,"- 各システムとの連携
- 継続的な運用"
86,SIEM,しーむ,ログを集約して分析するシステム。,Security Information and Event Managementの略。複数機器のログを統合し、異常を発見します。,"- ログ収集範囲拡大
- 相関分析設定"
87,SOC,そっく,セキュリティ監視専門組織。,Security Operation Centerの略。24時間体制で脅威を監視し、インシデントへ対応します。,"- 監視体制整備
- 人材育成"
88,CSIRT,しーさーと,インシデント対応専門チーム。,Computer Security Incident Response Teamの略。事故発生時の調査・復旧・再発防止を担当します。,"- 手順整備
- 定期訓練"
89,CVE,しーぶいー,脆弱性に付与される共通番号。,"世界中の脆弱性を一意に識別するための番号です。

例：
``` id=""jmgd4l""
CVE-2021-44228
```

(Log4Shell)",- CVE情報の定期確認
90,CVSS,しーぶいえすえす,脆弱性の危険度評価指標。,"0〜10点で脆弱性の深刻度を数値化します。

### 目安

- 0〜3.9：低
- 4.0〜6.9：中
- 7.0〜8.9：高
- 9.0〜10.0：緊急",- 高スコアから優先対応
91,ペネトレーションテスト,ぺねとれーしょんてすと,実際に攻撃して安全性を確認するテスト。,攻撃者視点で侵入を試み、どこまで被害が拡大するかを調査します。,"- 定期実施
- 結果の改善反映"
92,脆弱性診断,ぜいじゃくせいしんだん,システムの弱点を調査する作業。,ツールや手動検査を利用して脆弱性の有無を確認します。,"- リリース前実施
- 定期再診断"
93,サプライチェーン攻撃,さぷらいちぇーんこうげき,取引先やソフトウェア供給元を狙う攻撃。,防御が堅い企業ではなく、関連企業や利用ライブラリを侵害して侵入します。,"- ベンダー評価
- SBOM活用"
94,シャドーIT,しゃどーあいてぃー,管理者が把握していないIT利用。,従業員が勝手にクラウドサービスやアプリを利用することで情報漏えいリスクが高まります。,"- 利用ルール整備
- 資産管理"
95,インシデントレスポンス,いんしでんとれすぽんす,セキュリティ事故への対応活動。,検知から封じ込め、復旧、再発防止までの一連の対応を指します。,"- 手順書整備
- 訓練実施"
96,セキュリティパッチ,せきゅりてぃぱっち,脆弱性を修正する更新プログラム。,発見された脆弱性を修正するために提供されます。,"- 迅速な適用
- パッチ管理体制"
97,脅威インテリジェンス,きょういいんてりじぇんす,攻撃者や脅威に関する情報。,攻撃手法やマルウェア情報を収集し、防御へ活用します。,"- 情報共有
- IOC活用"
98,ログ監視,ろぐかんし,ログから異常を発見する活動。,認証失敗や不審な通信を分析し、攻撃の早期発見につなげます。,"- SIEM導入
- アラート整備"
99,フォレンジック,ふぉれんじっく,事故後の証拠保全・調査。,侵入経路や被害範囲を特定するため、ログやメモリ、ディスクを解析します。,"- ログ保全
- 証拠保管手順整備"
100,セキュリティポリシー,せきゅりてぃぽりしー,組織のセキュリティ方針。,情報資産を守るためのルールや運用方針を定めた文書です。技術的対策だけでなく、人や組織の行動基準も含まれます。,"- 定期見直し
- 社員教育
- 遵守状況の監査"
